date,SPY,GOVT,GSG,GBTC
2022-06-30,366.068207,22.518484,23.1,12.06
2022-07-01,369.939972,22.708117,23.38,12.25
2022-07-05,370.638611,22.745855,21.85,12.93
2022-07-06,371.89035,22.566603,21.54,12.58
2022-07-07,377.460205,22.500561,22.4,13.75
2022-07-08,377.14978,22.406218,22.77,13.77
2022-07-11,372.841309,22.519428,22.76,12.85
2022-07-12,369.542145,22.576036,21.58,12.21
2022-07-13,367.601379,22.61377,21.73,12.41
2022-07-14,366.708649,22.547731,21.62,13.13
2022-07-15,373.714722,22.594904,21.89,13.7
2022-07-18,370.628967,22.528866,22.48,14.08
2022-07-19,380.643005,22.45339,22.6,15.38
2022-07-20,383.068909,22.434523,22.6,15.58
2022-07-21,386.969788,22.65151,22.17,15.04
2022-07-22,383.379456,22.830757,21.92,14.48
2022-07-25,383.845215,22.755289,22.31,13.76
2022-07-26,379.303986,22.755289,22.33,13.0
2022-07-27,389.153137,22.774157,22.86,14.23
2022-07-28,394.034058,22.877926,22.79,14.83
2022-07-29,399.778534,22.887363,22.93,14.8
2022-08-01,398.594666,23.016809,22.25,14.21
2022-08-02,395.964996,22.790051,22.05,14.18
2022-08-03,402.165619,22.87508,21.85,14.52
2022-08-04,401.893951,22.912874,21.56,13.99
2022-08-05,401.21463,22.686111,21.47,14.23
2022-08-08,400.748871,22.761696,21.69,15.14
2022-08-09,399.157471,22.71446,21.89,14.35
2022-08-10,407.541443,22.71446,22.22,14.96
2022-08-11,407.541443,22.591621,22.66,15.18
2022-08-12,414.440643,22.648314,22.57,15.22
2022-08-15,416.148499,22.66721,22.12,15.06
2022-08-16,416.963593,22.676662,21.86,14.94
2022-08-17,414.003998,22.582172,22.02,14.37
2022-08-18,415.207275,22.601074,22.36,14.48
2022-08-19,409.627716,22.497135,22.38,13.24
2022-08-22,401.098236,22.440441,22.61,12.94
2022-08-23,400.127869,22.4121,23.03,13.53
2022-08-24,401.408752,22.345957,23.29,13.59
2022-08-25,407.075592,22.449898,23.02,13.4
2022-08-26,393.296509,22.459345,23.07,12.667
2022-08-29,390.695984,22.374302,23.49,12.59
2022-08-30,386.406952,22.383759,22.76,12.34
2022-08-31,383.466766,22.298717,22.25,12.54
2022-09-01,384.670013,22.181377,21.73,12.28
2022-09-02,380.613922,22.266544,21.89,12.38
2022-09-06,379.177765,22.096203,21.72,11.72
2022-09-07,385.989716,22.200298,21.14,12.18
2022-09-08,388.512665,22.14352,21.26,12.11
2022-09-09,394.548309,22.12459,21.87,13.45
2022-09-12,398.788727,22.077276,22.21,14.15
2022-09-13,381.448425,22.01104,22.06,12.65
2022-09-14,382.903931,22.01104,22.16,12.36
2022-09-15,378.556763,21.97319,21.42,12.1
2022-09-16,375.668823,21.963724,21.38,11.98
2022-09-19,378.582062,21.935337,21.51,12.09
2022-09-20,374.236481,21.850168,21.46,11.66
2022-09-21,367.708405,21.925873,21.38,11.66
2022-09-22,364.61972,21.708223,21.33,11.74
2022-09-23,358.51059,21.708223,20.53,11.195
2022-09-26,354.963959,21.509499,20.04,11.39
2022-09-27,354.057831,21.36755,20.32,11.36
2022-09-28,361.024384,21.670366,20.98,11.68
2022-09-29,353.482941,21.623056,20.88,11.33
2022-09-30,348.016846,21.537886,20.58,11.41
2022-10-03,357.204895,21.69809,21.13,11.66
2022-10-04,368.273529,21.717051,21.74,12.1
2022-10-05,367.416077,21.612768,22.1,11.99
2022-10-06,363.625916,21.536934,22.23,11.95
2022-10-07,353.482941,21.451628,22.61,11.35
2022-10-10,350.783966,21.375786,22.31,11.33
2022-10-11,348.5625,21.404226,21.97,11.16
2022-10-12,347.41272,21.461105,21.87,11.21
2022-10-13,356.58136,21.347355,22.28,11.25
2022-10-14,348.455322,21.280998,21.73,11.16
2022-10-17,357.409576,21.280998,21.68,11.46
2022-10-18,361.608948,21.328394,21.4,11.31
2022-10-19,359.046417,21.176723,21.43,11.25
2022-10-20,356.035706,21.04402,21.46,11.27
2022-10-21,364.687927,21.062975,21.58,11.42
2022-10-24,369.150391,21.025059,21.59,11.55
2022-10-25,375.045227,21.205166,21.69,12.22
2022-10-26,372.219604,21.280998,22.17,12.52
2022-10-27,370.231934,21.394751,22.17,12.15
2022-10-28,379.040039,21.309437,21.98,12.06
2022-10-31,376.302094,21.252558,21.85,12.0
2022-11-01,374.655426,21.262062,22.1,12.03
2022-11-02,365.252991,21.233559,22.23,11.79
2022-11-03,361.492096,21.167053,22.17,11.82
2022-11-04,366.695099,21.119551,22.98,12.254
2022-11-07,370.202728,21.053057,22.83,12.06
2022-11-08,372.200134,21.14806,22.44,10.564
2022-11-09,364.532013,21.195555,21.84,8.765
2022-11-10,384.564545,21.537575,22.02,9.65
2022-11-11,388.286591,21.499573,22.42,8.87
2022-11-14,384.983521,21.461569,21.98,8.955
2022-11-15,388.26709,21.585077,22.31,9.68
2022-11-16,385.305115,21.708584,22.07,9.2
2022-11-17,384.126099,21.623079,21.63,8.75
2022-11-18,385.870178,21.556578,21.44,8.35
2022-11-21,384.467133,21.566082,21.4,8.28
2022-11-22,389.640869,21.651579,21.66,8.444
2022-11-23,392.096252,21.746588,21.25,9.23
2022-11-25,392.008545,21.73708,21.02,9.03
2022-11-28,385.753265,21.775084,20.85,8.84
2022-11-29,385.090729,21.689583,21.13,8.69
2022-11-30,397.221283,21.82259,21.59,9.05
2022-12-01,396.929016,22.029173,21.47,8.89
2022-12-02,396.471069,22.076777,21.21,8.98
2022-12-05,389.338837,21.933977,20.59,8.82
2022-12-06,383.726624,22.019651,20.1,8.76
2022-12-07,383.073822,22.181498,19.94,8.11
2022-12-08,386.074799,22.124371,19.87,8.19
2022-12-09,383.190765,21.991093,19.89,8.03
2022-12-12,388.715271,21.972052,20.22,8.1
2022-12-13,391.657806,22.114853,20.68,8.29
2022-12-14,389.153717,22.143414,20.93,8.4
2022-12-15,379.634369,22.188227,20.74,8.3
2022-12-16,375.152344,22.140551,20.43,7.93
2022-12-19,371.971191,22.016594,20.41,8.13
2022-12-20,372.480164,21.902172,20.42,8.08
2022-12-21,378.049683,21.93078,20.87,8.05
2022-12-22,372.656403,21.921242,20.71,8.15
2022-12-23,374.799988,21.825893,21.09,8.33
2022-12-27,373.32196,21.701939,21.24,7.86
2022-12-28,368.682373,21.673328,21.04,7.8
2022-12-29,375.318756,21.740082,20.99,7.98
2022-12-30,374.33017,21.663797,21.23,8.29
2023-01-03,372.754242,21.778215,20.58,8.2
2023-01-04,375.631958,21.883102,19.92,8.38
2023-01-05,371.344788,21.873566,19.86,8.45
2023-01-06,379.860474,22.06427,19.97,8.65
2023-01-09,379.645142,22.121479,20.21,9.65
2023-01-10,382.307526,22.026129,20.21,9.88
2023-01-11,387.142883,22.111946,20.68,9.8
2023-01-12,388.552399,22.293116,20.9,10.49
2023-01-13,390.059814,22.207298,21.15,11.32
2023-01-17,389.345245,22.169157,21.37,11.72
2023-01-18,383.198273,22.369392,21.08,10.83
2023-01-19,380.4086,22.340794,21.28,11.46
2023-01-20,387.4953,22.216833,21.49,12.18
2023-01-23,392.144684,22.159624,21.6,12.28
2023-01-24,391.723846,22.264507,21.37,11.97
2023-01-25,391.870636,22.283583,21.32,12.11
2023-01-26,396.177429,22.235903,21.48,12.24
2023-01-27,397.087738,22.197762,21.2,12.36
2023-01-30,392.105499,22.159624,20.87,11.89
2023-01-31,397.870819,22.245443,21.21,12.15
2023-02-01,402.099274,22.373449,20.69,12.65
2023-02-02,407.952637,22.373449,20.47,12.93
2023-02-03,403.616455,22.201494,19.99,12.32
2023-02-06,401.149841,22.077301,20.13,11.93
2023-02-07,406.396271,22.029537,20.59,12.15
2023-02-08,401.952484,22.086857,20.68,11.75
2023-02-09,398.467865,22.010433,20.53,10.63
2023-02-10,399.397766,21.924452,20.9,10.67
2023-02-13,404.086243,21.972219,20.83,10.39
2023-02-14,403.900299,21.905348,20.9,10.85
2023-02-15,405.211945,21.84803,20.64,12.17
2023-02-16,399.63266,21.78116,20.53,11.89
2023-02-17,398.634247,21.84803,20.3,12.2
2023-02-21,390.637299,21.676075,20.38,11.88
2023-02-22,390.098938,21.733385,20.0,11.58
2023-02-23,392.174072,21.79071,20.17,11.89
2023-02-24,387.984711,21.676075,20.22,11.46
2023-02-27,389.306091,21.714283000000002,20.18,11.49
2023-02-28,387.867279,21.742947,20.31,11.54
2023-03-01,386.379395,21.628101,20.61,11.51
2023-03-02,389.384399,21.570683,20.55,11.51
2023-03-03,395.629242,21.704662,20.87,11.25
2023-03-06,395.903412,21.666382,20.85,11.77
2023-03-07,389.834656,21.656813,20.31,12.9
2023-03-08,390.470917,21.64724,20.2,13.24
2023-03-09,383.266815,21.75251,19.92,11.8
2023-03-10,377.73645,22.058752,20.13,11.23
2023-03-13,377.19809,22.269291,19.91,12.65
2023-03-14,383.433167,22.097031,19.56,13.49
2023-03-15,381.035065,22.355423,19.01,13.27
2023-03-16,387.720428,22.202299,19.06,14.05
2023-03-17,383.18689,22.41284,18.89,15.43
2023-03-20,386.87149,22.336281,19.02,16.0
2023-03-21,391.951294,22.173592,19.21,16.0
2023-03-22,385.269897,22.374561,19.24,15.08
2023-03-23,386.311462,22.470261,19.15,16.1
2023-03-24,388.846405,22.489397,19.24,16.0
2023-03-27,389.573517,22.269291,19.74,15.23
2023-03-28,388.699066,22.259722,19.83,15.61
2023-03-29,394.348785,22.231005,19.71,15.84
2023-03-30,396.657806,22.269291,19.87,15.82
2023-03-31,402.248474,22.374561,20.12,16.36
2023-04-03,403.78125,22.44455,20.66,16.05
2023-04-04,401.541077,22.540424,20.63,15.96
2023-04-05,400.489746,22.61713,20.66,16.19
2023-04-06,402.052002,22.61713,20.62,16.21
2023-04-10,402.4646,22.45414,20.6,17.14
2023-04-11,402.572723,22.463728,20.81,17.72
2023-04-12,400.931885,22.492485,21.01,17.07
2023-04-13,406.257294,22.45414,20.93,17.7
2023-04-14,405.264923,22.348675,20.98,17.43
2023-04-17,406.719116,22.252798,20.84,16.81
2023-04-18,406.984406,22.271969,20.88,17.14
2023-04-19,406.915619,22.233622,20.56,16.34
2023-04-20,404.695068,22.339085,20.21,15.82
2023-04-21,405.00946,22.291147,20.21,15.2
2023-04-24,405.431946,22.377436,20.38,14.99
2023-04-25,398.996246,22.569187,20.01,14.96
2023-04-26,397.306244,22.482901,19.6,15.1
2023-04-27,405.21582,22.358263,19.63,16.44
2023-04-28,408.674408,22.47331,19.91,16.42
2023-05-01,408.261688,22.280193,19.76,15.25
2023-05-02,403.673187,22.501179,19.16,16.21
2023-05-03,400.902405,22.606859,18.69,16.35
2023-05-04,398.062836,22.597252,18.8,16.55
2023-05-05,405.431946,22.501179,19.26,16.81
2023-05-08,405.540039,22.385881,19.52,15.51
2023-05-09,403.761627,22.366669,19.58,15.66
2023-05-10,405.648132,22.491568,19.47,15.39
2023-05-11,404.940704,22.558819,19.15,14.66
2023-05-12,404.410095,22.453138,19.03,14.26
2023-05-15,405.805359,22.405096,19.32,15.0
2023-05-16,403.093445,22.366669,19.12,14.63
2023-05-17,407.986633,22.318626,19.43,15.02
2023-05-18,411.91687,22.222546,19.29,14.42
2023-05-19,411.317474,22.145689,19.25,14.39
2023-05-22,411.484558,22.126472,19.24,14.19
2023-05-23,406.866486,22.145689,19.32,14.33
2023-05-24,403.918854,22.088039,19.46,13.695
2023-05-25,407.416718,22.011185,19.15,13.76
2023-05-26,412.693024,22.020788,19.37,13.83
2023-05-30,412.850281,22.155298,18.86,14.35
2023-05-31,410.560944,22.232157,18.67,13.89
2023-06-01,414.46167,22.280298,19.0,14.05
2023-06-02,420.455261,22.145504,19.36,14.38
2023-06-05,419.649597,22.145504,19.33,13.681
2023-06-06,420.563324,22.164766,19.37,14.47
2023-06-07,419.109131,22.058847,19.51,13.83
2023-06-08,421.644165,22.15513,19.43,13.85
2023-06-09,422.400696,22.116613,19.32,13.54
2023-06-12,426.232697,22.135874,18.92,13.12
2023-06-13,429.042816,22.029959,19.28,13.11
2023-06-14,429.553772,22.049215,19.23,13.26
2023-06-15,434.879181,22.164766,19.75,13.4
2023-06-16,433.397888,22.106987,20.03,15.12
2023-06-20,431.149323,22.164766,19.84,16.85
2023-06-21,428.940277,22.174389,20.17,17.72
2023-06-22,430.488586,22.087736,19.7,18.0
2023-06-23,427.2341,22.135874,19.53,19.19
2023-06-26,425.488525,22.184019,19.6,18.18
2023-06-27,430.15329,22.126244,19.23,19.47
2023-06-28,430.37027,22.184019,19.26,18.61
2023-06-29,432.066498,22.020338,19.32,19.55
2023-06-30,437.165192,22.049215,19.49,19.19
2023-07-03,437.668152,22.011585,19.46,20.45
2023-07-05,437.017273,21.93438,19.71,20.14
2023-07-06,433.595123,21.818584,19.69,20.08
2023-07-07,432.500458,21.79929,19.9,19.81
2023-07-10,433.595123,21.866835,19.9,19.99
2023-07-11,436.356476,21.886135,20.16,19.93
2023-07-12,439.867371,22.030884,20.27,19.7
2023-07-13,443.358582,22.175629,20.53,21.38
2023-07-14,443.082428,22.069487,20.38,19.75
2023-07-17,444.620911,22.108082,20.14,19.92
2023-07-18,447.924683,22.127384,20.46,19.71
2023-07-19,448.920776,22.20458,20.57,20.08
2023-07-20,445.942444,22.079132,20.68,19.59
2023-07-21,445.942444,22.088783,20.86,19.875
2023-07-24,447.93454,22.040537,21.3,19.2
2023-07-25,449.157471,22.021236,21.37,19.17
2023-07-26,449.226501,22.069487,21.25,19.26
2023-07-27,446.248138,21.905434,21.35,18.39
2023-07-28,450.617065,21.963335,21.45,18.725
2023-07-31,451.475067,21.982634,21.6,19.13
2023-08-01,450.183136,21.876204,21.55,19.04
2023-08-02,443.920715,21.827826,21.16,19.16
2023-08-03,442.648499,21.711721,21.4,19.3
2023-08-04,440.646484,21.866529,21.46,19.22
2023-08-07,444.492676,21.827826,21.5,19.16
2023-08-08,442.559723,21.905228,21.5,20.09
2023-08-09,439.601135,21.92458,21.8,19.67
2023-08-10,439.758911,21.798796,21.59,19.8
2023-08-11,439.502533,21.740744,21.56,19.82
2023-08-14,441.928558,21.711721,21.44,20.12
2023-08-15,436.780609,21.682693,21.09,19.66
2023-08-16,433.575409,21.624641,20.92,19.46
2023-08-17,430.271606,21.624641,21.05,18.533
2023-08-18,430.478699,21.653666,21.28,17.4
2023-08-21,433.279541,21.547241,21.21,17.21
2023-08-22,432.105957,21.566587,21.15,17.0
2023-08-23,436.918671,21.740744,21.12,18.19
2023-08-24,430.863373,21.692369,21.15,17.68
2023-08-25,433.900879,21.682693,21.5,17.35
2023-08-28,436.652405,21.711721,21.44,17.58
2023-08-29,442.964081,21.827826,21.52,20.56
2023-08-30,444.788574,21.827826,21.52,19.71
2023-08-31,444.137695,21.876204,21.7,18.71
2023-09-01,444.966064,21.77243,22.01,18.48
2023-09-05,443.042969,21.665752,22.14,18.55
2023-09-06,440.064606,21.646355,22.21,18.6
2023-09-07,438.713531,21.704542,22.17,19.3
2023-09-08,439.374298,21.704542,22.25,19.3
2023-09-11,442.263885,21.675451,22.4,18.65
2023-09-12,439.837799,21.694845,22.52,19.26
2023-09-13,440.350647,21.714243,22.6,19.21
2023-09-14,444.147552,21.675451,22.89,19.46
2023-09-15,438.796295,21.636658,22.81,19.26
2023-09-18,439.053619,21.656054,22.8,19.23
2023-09-19,438.143097,21.597862,22.84,19.84
2023-09-20,434.115112,21.588167,22.58,19.42
2023-09-21,426.939911,21.452394,22.53,19.0
2023-09-22,425.979889,21.520281,22.58,18.9
2023-09-25,427.77124,21.394201,22.5,18.45
2023-09-26,421.486725,21.384504,22.53,18.17
2023-09-27,421.654968,21.326315,22.83,18.13
2023-09-28,424.099487,21.374805,22.74,19.0
2023-09-29,423.070251,21.374805,22.51,19.19
2023-10-02,422.901978,21.266918,22.25,19.45
2023-10-03,417.240967,21.130842,22.23,19.64
2023-10-04,420.279327,21.247477,21.49,20.14
2023-10-05,420.120972,21.2572,21.23,20.15
2023-10-06,425.108978,21.159998,21.34,20.73
2023-10-09,427.830597,21.354395,21.86,20.5
2023-10-10,430.057373,21.334955,21.78,20.58
2023-10-11,431.819031,21.432158,21.58,20.07
2023-10-12,429.186462,21.266918,21.62,20.02
2023-10-13,427.048767,21.373837,22.26,20.24
2023-10-16,431.541931,21.266918,22.12,21.8
2023-10-17,431.522125,21.140558,22.14,22.16
2023-10-18,425.772064,21.072519,22.33,22.207
2023-10-19,422.031006,20.994764,22.61,22.45
2023-10-20,416.845093,21.072519,22.41,23.64
2023-10-23,416.12262,21.150276,22.12,24.705
2023-10-24,419.259949,21.198875,21.78,26.16
2023-10-25,413.242615,21.062801,21.98,26.79
2023-10-26,408.29422,21.189157,21.8,25.77
2023-10-27,406.443481,21.189157,22.11,25.07
2023-10-30,411.302887,21.159998,21.72,26.48
2023-10-31,413.885956,21.12112,21.63,26.76
2023-11-01,418.299927,21.293613,21.59,26.89
2023-11-02,426.316406,21.40081,21.87,27.168
2023-11-03,430.205841,21.517757,21.67,27.05
2023-11-06,431.195496,21.439795,21.66,26.95
2023-11-07,432.422699,21.527506,21.05,28.1
2023-11-08,432.739441,21.59572,20.77,27.8
2023-11-09,429.364624,21.439795,20.67,29.09
2023-11-10,436.064758,21.459284,20.87,29.973
2023-11-13,435.649109,21.459284,21.22,29.06
2023-11-14,444.101013,21.673679,21.18,27.42
2023-11-15,445.041199,21.566481,21.03,29.76
2023-11-16,445.58551,21.663931,20.42,28.985
2023-11-17,446.139771,21.68343,20.8,28.99
2023-11-20,449.573975,21.712664,21.08,29.79
2023-11-21,448.594147,21.732153,21.18,29.2
2023-11-22,450.326141,21.732153,20.97,30.45
2023-11-24,450.60318,21.654188,20.76,31.21
2023-11-27,449.791687,21.771137,20.55,30.105
2023-11-28,450.23703,21.839352,20.86,31.51
2023-11-29,449.920349,21.946554,21.07,31.018
2023-11-30,451.691895,21.858845,20.68,30.245
2023-12-01,454.364075,22.029806,20.49,31.73
2023-12-04,451.978912,21.971191,20.33,33.636
2023-12-05,451.889801,22.098196,20.18,35.1
2023-12-06,450.068817,22.166576,19.62,34.92
2023-12-07,453.503021,22.156809,19.71,33.905
2023-12-08,455.452698,22.049345,19.92,35.51
2023-12-11,457.224182,22.049345,19.88,32.46
2023-12-12,459.312469,22.068884,19.47,33.42
2023-12-13,465.646423,22.332655,19.68,35.59
2023-12-14,467.140869,22.500158,20.08,34.9
2023-12-15,466.371704,22.490364,20.15,34.1
2023-12-18,468.995087,22.441385,20.32,34.54
2023-12-19,471.847015,22.470774,20.52,34.934
2023-12-20,465.308472,22.529547,20.31,35.83
2023-12-21,469.72049,22.529547,20.41,36.295
2023-12-22,470.66449,22.509953,20.33,36.91
2023-12-26,472.651886,22.529547,20.62,35.65
2023-12-27,473.5065,22.656887,20.48,36.25
2023-12-28,473.685333,22.607906,20.18,34.81
2023-12-29,472.314026,22.568727,20.06,34.62
2024-01-02,469.670776,22.500158,19.85,36.85
2024-01-03,465.835144,22.539341,20.25,35.55
2024-01-04,464.334625,22.431589,20.19,37.25
2024-01-05,464.970642,22.363018,20.33,37.164
2024-01-08,471.608521,22.431589,19.95,39.0
2024-01-09,470.893066,22.411997,20.18,39.0
2024-01-10,473.556152,22.382612,20.02,40.496
2024-01-11,473.347504,22.48057,20.25,40.69
2024-01-12,473.675385,22.519749,20.29,38.58
2024-01-16,471.936401,22.372814,20.14,38.32
2024-01-17,469.31308,22.323839,20.16,37.94
2024-01-18,473.486603,22.274862,20.37,36.29
2024-01-19,479.38916,22.274862,20.35,37.01
2024-01-22,480.40274,22.323839,20.5,35.82
2024-01-23,481.803833,22.284658,20.59,34.88
2024-01-24,482.330505,22.235683,20.77,35.27
2024-01-25,484.953857,22.314043,21.06,35.44
2024-01-26,484.337769,22.294455,21.25,37.51
2024-01-29,488.173401,22.382612,21.02,38.51
2024-01-30,487.795837,22.402203,21.2,38.87
2024-01-31,479.836304,22.529547,20.94,37.99
2024-02-01,486.116516,22.660126,20.64,38.41
2024-02-02,491.234039,22.44413,20.37,38.34
2024-02-05,489.445374,22.277222,20.47,37.84
2024-02-06,490.866364,22.375406,20.59,38.47
2024-02-07,494.960388,22.33613,20.72,39.43
2024-02-08,495.179016,22.287041,21.03,40.68
2024-02-09,498.040863,22.267401,21.07,42.48
2024-02-12,497.822235,22.287041,21.11,44.86
2024-02-13,490.965698,22.100494,21.08,44.11
2024-02-14,495.427429,22.159403,20.85,46.19
2024-02-15,498.845764,22.208494,21.01,46.18
2024-02-16,496.361511,22.139767,21.11,46.28
2024-02-20,493.628845,22.169222,21.0,46.41
2024-02-21,494.075958,22.120131,21.09,45.48
2024-02-22,504.301117,22.120131,21.16,46.44
2024-02-23,504.648926,22.198675,20.86,45.59
2024-02-26,502.800629,22.169222,21.05,48.63
2024-02-27,503.734711,22.12995,21.22,50.85
2024-02-28,503.06897,22.188856,21.1,53.83
2024-02-29,504.877472,22.237949,21.12,55.35
2024-03-01,509.617371,22.319628,21.35,56.28
2024-03-04,509.070862,22.280262,21.27,60.38
2024-03-05,503.983154,22.388519,21.11,55.23
2024-03-06,506.536957,22.427885,21.27,59.8
2024-03-07,511.565033,22.457407,21.34,60.45
2024-03-08,508.494537,22.457407,21.19,61.9
2024-03-11,508.057312,22.437723,21.31,64.32
2024-03-12,513.522705,22.358994,21.28,63.67
2024-03-13,512.717712,22.329472,21.61,65.58
2024-03-14,511.704193,22.211376,21.72,61.8
2024-03-15,508.190521,22.181854,21.81,61.6
2024-03-18,511.210754,22.162172,22.1,59.58
2024-03-19,514.051636,22.201534,22.1,57.41
2024-03-20,518.806274,22.250742,21.93,58.75
2024-03-21,520.520752,22.250742,21.88,58.11
2024-03-22,519.533936,22.339314,21.8,56.98
2024-03-25,518.098572,22.290106,21.98,63.34
2024-03-26,517.141663,22.319628,21.81,61.93
2024-03-27,521.48761,22.378677,21.83,61.19
2024-03-28,521.387939,22.408201,22.06,63.17
2024-04-01,520.480835,22.208902,22.22,62.18
2024-04-02,517.17157,22.179302,22.43,58.7
2024-04-03,517.739685,22.189169,22.6,58.64
2024-04-04,511.420105,22.258232,22.77,61.04
2024-04-05,516.762878,22.149704,22.84,59.99
2024-04-08,517.05188,22.120102,22.8,63.96
2024-04-09,517.650024,22.189169,22.68,61.45
2024-04-10,512.466736,21.952377,22.78,62.47
2024-04-11,516.334229,21.942511,22.67,62.79
2024-04-12,509.207245,22.001709,22.69,59.55
2024-04-15,502.82785,21.893185,22.74,56.38
2024-04-16,501.910797,21.833982,22.7,55.88
2024-04-17,498.940369,21.932646,22.3,54.31
2024-04-18,497.913666,21.883318,22.29,56.58
2024-04-19,493.567688,21.912916,22.47,57.31
2024-04-22,498.113037,21.912916,22.5,59.26
2024-04-23,504.023956,21.932646,22.63,59.21
2024-04-24,503.784729,21.873449,22.53,56.9
2024-04-25,501.870911,21.824118,22.71,57.6
2024-04-26,506.62558,21.863583,22.67,56.74
2024-04-29,508.419769,21.922781,22.59,56.06
2024-04-30,500.365784,21.863583,22.27,52.51
2024-05-01,498.74102800000003,21.922939,21.83,50.64
2024-05-02,503.405945,21.992195,21.86,52.86
2024-05-03,509.645844,22.091125,21.85,55.32
2024-05-06,514.908875,22.101019,22.04,56.24
2024-05-07,515.477051,22.15048,22.03,56.11
2024-05-08,515.526855,22.11091,22.02,55.3
2024-05-09,518.497253,22.15048,22.13,55.57
2024-05-10,519.165161,22.101019,21.99,53.99
2024-05-13,519.234863,22.130693,22.12,56.19
2024-05-14,521.617188,22.180161,21.96,54.78
2024-05-15,528.076416,22.29888,22.09,58.82
2024-05-16,526.989868,22.269197,22.18,58.02
2024-05-17,527.747437,22.229622,22.43,59.73
2024-05-20,528.355469,22.199949,22.52,62.4
2024-05-21,529.651245,22.239517,22.44,61.6
2024-05-22,528.126221,22.229622,22.2,61.95
2024-05-23,524.268677,22.170267,22.1,59.7
2024-05-24,527.737488,22.190056,22.22,61.53
2024-05-28,528.106262,22.091125,22.67,60.78
2024-05-29,524.408203,22.011976,22.39,59.71
2024-05-30,520.929382,22.091125,22.08,61.04
2024-05-31,525.674133,22.170267,21.95,60.09
2024-06-03,526.102722,22.288305,21.55,61.51
2024-06-04,526.690857,22.377577,21.33,62.62
2024-06-05,532.950623,22.44701,21.48,63.35
2024-06-06,532.940674,22.44701,21.79,62.63
2024-06-07,532.292786,22.258547,21.53,61.48
2024-06-10,533.937439,22.22879,21.92,61.73
2024-06-11,535.223328,22.308144,21.92,59.88
2024-06-12,539.619141,22.397415,22.02,59.95
2024-06-13,540.705627,22.506527,22.0,59.14
2024-06-14,541.034607,22.56604,22.0,58.18
2024-06-17,545.340637,22.476768,22.17,59.21
2024-06-18,546.726196,22.56604,22.32,57.18
2024-06-20,545.240967,22.516447,22.36,57.73
2024-06-21,544.51001,22.516447,22.15,57.04
2024-06-24,542.73999,22.536283,22.35,52.61
2024-06-25,544.830017,22.55612,22.09,55.02
2024-06-26,545.51001,22.44701,22.1,54.13
2024-06-27,546.369995,22.486687,22.3,54.52
2024-06-28,544.219971,22.387495,22.15,53.24
